Date,Predicted_HashRate,Actual_HashRate
2022-01-01,2.104382010232607e+20,2.0753247691487887e+20
2022-01-02,1.9316044033534204e+20,1.9064029856134224e+20
2022-01-03,1.9959559050084893e+20,1.6892178353536654e+20
2022-01-04,2.022648858195606e+20,1.7736787271213482e+20
2022-01-05,1.9284602914648742e+20,1.8098762521646413e+20
2022-01-06,1.8439017505531065e+20,1.761612885440251e+20
2022-01-07,1.8863685688702937e+20,1.6892178353536654e+20
2022-01-08,1.85438027110881e+20,1.744606740180451e+20
2022-01-09,1.8637073707455113e+20,1.7082607664266913e+20
2022-01-10,2.0080776659535387e+20,1.720376091011278e+20
2022-01-11,1.852025446436341e+20,1.9142212843646616e+20
2022-01-12,2.1774598088935326e+20,1.6840301172575184e+20
2022-01-13,2.0286788076686426e+20,2.1686431006409772e+20
2022-01-14,2.0822468357873566e+20,1.9263366089492477e+20
2022-01-15,2.1413309510543036e+20,2.0111438810413528e+20
2022-01-16,2.0399899360586695e+20,2.120181802302631e+20
2022-01-17,1.788194112618712e+20,1.950567258118421e+20
2022-01-18,2.1043118648384717e+20,1.6476841435037594e+20
2022-01-19,2.081489241673895e+20,2.0959511531334586e+20
2022-01-20,1.693227342308446e+20,2.0474898547951124e+20
2022-01-21,1.6325730379898985e+20,1.774749496678698e+20
2022-01-22,1.7306005207603377e+20,1.774749496678698e+20
2022-01-23,1.8086909835121938e+20,1.8674602912813164e+20
2022-01-24,1.8487785772877565e+20,1.986659884341826e+20
2022-01-25,1.854535772877565e+20,2.0131486827997168e+20
2022-01-26,1.4956012361748575e+20,1.7217718997629157e+20
2022-01-27,1.9991980363359542e+20,1.7350162989918614e+20
2022-01-28,1.9732732785171805e+20,2.039637481257608e+20
2022-01-29,1.9842644039968027e+20,1.9734154851128803e+20
2022-01-30,1.9635916322741685e+20,1.933682287426044e+20
2022-01-31,2.0970073399465915e+20,1.8939490897392075e+20
2022-02-01,2.0854011444063696e+20,2.039637481257608e+20
2022-02-02,1.9990632777060552e+20,2.0263930820286625e+20
2022-02-03,1.9990632777060552e+20,1.9469266866549893e+20
2022-02-04,1.9990632777060552e+20,1.7248311711713876e+20
2022-02-05,2.1796739239033707e+20,1.5788839182261164e+20
2022-02-06,1.9828463022355907e+20,2.0697974054056657e+20
2022-02-07,2.21196983412848e+20,1.8044387636869903e+20
2022-02-08,2.0308182922855802e+20,2.043261541233798e+20
2022-02-09,2.114228104453369e+20,1.8575104920307253e+20
2022-02-10,2.0439908958113232e+20,1.9503860166322615e+20
2022-02-11,2.373215626706349e+20,1.8840463562025927e+20
2022-02-12,2.1022191731590414e+20,2.4811033000696116e+20
2022-02-13,2.0595968850312354e+20,2.0963332695775327e+20
2022-02-14,2.18251740256785e+20,2.029993609147864e+20
2022-02-15,2.050259504951215e+20,2.3218881150384062e+20
2022-02-16,2.0411709020132576e+20,2.0697974054056657e+20
2022-02-17,1.7394879831729072e+20,2.1826998682616473e+20
2022-02-18,1.9168434178792463e+20,1.8629412888347817e+20
2022-02-19,1.8391311105230602e+20,2.0714794928088243e+20
2022-02-20,1.9990632777060552e+20,2.00196675815081e+20
2022-02-21,2.0217542376966206e+20,1.71001327258715e+20
2022-02-22,2.0160947551071253e+20,2.113187133603633e+20
2022-02-23,1.7264896721366555e+20,2.085382039740427e+20
2022-02-24,1.8611767881393812e+20,1.835136194971576e+20
2022-02-25,1.854535772877565e+20,1.8629412888347817e+20
2022-02-26,1.9047198420758184e+20,1.7378183664503557e+20
2022-02-27,2.0923884407899138e+20,1.890746382697987e+20
2022-02-28,2.3013071830524025e+20,2.1409922274668387e+20
2022-03-01,2.034536554298799e+20,2.2522126029196607e+20
2022-03-02,2.1762147528790665e+20,1.890746382697987e+20
2022-03-03,2.031441523674283e+20,2.0575769458772217e+20
2022-03-04,2.031441523674283e+20,1.90365286645501e+20
2022-03-05,1.6611213482625437e+20,1.684527356647239e+20
2022-03-06,2.0650146644254602e+20,1.7940901115511246e+20
2022-03-07,2.0761765111418375e+20,2.0269109657218813e+20
2022-03-08,2.027896905346247e+20,2.0269109657218813e+20
2022-03-09,2.0595874078700962e+20,1.8899575220920245e+20
2022-03-10,1.9661044471242752e+20,1.9858249326329243e+20
2022-03-11,2.1557039712218212e+20,1.8899575220920245e+20
2022-03-12,2.1099957376074832e+20,2.1364737206257667e+20
2022-03-13,2.123360790224741e+20,2.0679969988108383e+20
2022-03-14,1.9815043417341215e+20,2.0953876875368097e+20
2022-03-15,2.175702518344064e+20,1.90365286645501e+20
2022-03-16,2.2193598960187982e+20,2.1227783762627812e+20
2022-03-17,2.0676538151214262e+20,2.1775597537147237e+20
2022-03-18,2.2065191257699212e+20,1.951494547366297e+20
2022-03-19,2.1950171775645395e+20,2.1152563275648673e+20
2022-03-20,2.174841968574195e+20,2.1016095125483192e+20
2022-03-21,2.1688069234011777e+20,2.087962697531772e+20
2022-03-22,2.1221270572713686e+20,2.0333754374655816e+20
2022-03-23,2.1167591473166795e+20,1.9787881773993915e+20
2022-03-24,2.2255879567425015e+20,1.951494547366297e+20
2022-03-25,2.2698770075269716e+20,2.1289031425814145e+20
2022-03-26,1.7241918681425854e+20,2.1971372176641524e+20
2022-03-27,2.235480787399621e+20,1.7877327671677262e+20
2022-03-28,2.1356998849514042e+20,2.1698435876310568e+20
2022-03-29,1.9335836939782462e+20,2.060669067498677e+20
2022-03-30,2.039243181392581e+20,1.8423200272339164e+20
2022-03-31,2.064275447081491e+20,1.9610838061904616e+20
2022-04-01,1.9878505629468095e+20,2.003716062846776e+20
2022-04-02,2.0542738966782886e+20,1.918451549534147e+20
2022-04-03,2.2415622489873495e+20,1.9752945584092332e+20
2022-04-04,2.1318210535187864e+20,2.2452988505658914e+20
2022-04-05,2.1493206602195803e+20,2.060559071721862e+20
2022-04-06,1.98610650640577e+20,2.131612832815719e+20
2022-04-07,1.9101048348973987e+20,1.9610838061904616e+20
2022-04-08,2.1270252664552918e+20,1.904240797315376e+20
2022-04-09,1.999810144036955e+20,2.1742450894720336e+20
2022-04-10,1.927421768376979e+20,1.9895053106280048e+20
2022-04-11,2.1161263054622877e+20,1.94687305397169e+20
2022-04-12,2.058031023049815e+20,2.1742450894720336e+20
2022-04-13,2.0476855503653647e+20,1.9895053106280048e+20
2022-04-14,2.237424311447955e+20,1.9363035285416952e+20
2022-04-15,1.9560951711280018e+20,2.2169272283303467e+20
2022-04-16,2.2959828826493983e+20,1.8801787885839647e+20
2022-04-17,1.9373311560130354e+20,2.3151455232563744e+20
2022-04-18,1.9990632777060552e+20,1.8801787885839647e+20
2022-04-19,2.2801562644037154e+20,1.739866938689639e+20
2022-04-20,2.3557846642170272e+20,2.2449895983092115e+20
2022-04-21,1.9803986678742385e+20,2.371270263214105e+20
2022-04-22,2.264650529411118e+20,1.8942099735733977e+20
2022-04-23,2.322486562465673e+20,2.2870831532775096e+20
2022-04-24,2.2427134741907368e+20,2.39933263319297e+20
2022-04-25,2.0631110596381878e+20,2.273051968288077e+20
2022-04-26,2.2989697371779636e+20,1.9643658985205603e+20
2022-04-27,1.8615237277563145e+20,2.3853014482035373e+20
2022-04-28,2.1412579580920362e+20,1.9550362058301188e+20
2022-04-29,2.1320630848565602e+20,2.22163205207968e+20
2022-04-30,2.3195957523092465e+20,2.22163205207968e+20
2022-05-01,2.2818675031483515e+20,2.473417017982044e+20
2022-05-02,2.189119475681136e+20,2.3697408555516592e+20
2022-05-03,2.161637468073836e+20,2.22163205207968e+20
2022-05-04,2.2762506383965716e+20,2.1623885306908885e+20
2022-05-05,2.051908272251231e+20,2.3253082145100657e+20
2022-05-06,2.0594630178451495e+20,2.1031450093020978e+20
2022-05-07,2.1397558269728958e+20,2.1179558896492954e+20
2022-05-08,2.1278139055544363e+20,2.2956864538156696e+20
2022-05-09,2.0678564625189247e+20,2.2956864538156696e+20
2022-05-10,1.983540217786514e+20,2.2660646931212737e+20
2022-05-11,1.8111826451690036e+20,2.2525759789129607e+20
2022-05-12,2.0538395242274308e+20,2.097225911401722e+20
2022-05-13,1.9251964080243786e+20,2.3613210261708276e+20
2022-05-14,1.9251964080243786e+20,2.190435951908465e+20
2022-05-15,2.1341555991065464e+20,1.895270823637112e+20
2022-05-16,2.011712955681411e+20,2.547741107184314e+20
2022-05-17,1.8216163428305558e+20,2.283645992415208e+20
2022-05-18,1.9251964080243786e+20,2.081690904650598e+20
2022-05-19,1.9251964080243786e+20,1.895270823637112e+20
2022-05-20,1.8323653218289517e+20,1.9884808641438548e+20
2022-05-21,1.9251964080243786e+20,2.097225911401722e+20
2022-05-22,2.1339222132479712e+20,1.895270823637112e+20
2022-05-23,1.9251964080243786e+20,2.4856010801798185e+20
2022-05-24,1.9825688519016602e+20,1.864200810134864e+20
2022-05-25,1.9436348849206306e+20,2.2370409721618366e+20
2022-05-26,1.888953363879127e+20,2.095553698571783e+20
2022-05-27,1.9970590729323433e+20,2.0509674496660007e+20
2022-05-28,2.0129299919248336e+20,2.1995882793519432e+20
2022-05-29,2.0982666171310513e+20,2.2144503623205372e+20
2022-05-30,2.0554013064161e+20,2.2887607771635083e+20
2022-05-31,2.0967565914843152e+20,2.1698641134147545e+20
2022-06-01,1.9251964080243786e+20,2.021243283728813e+20
2022-06-02,2.1326691878371557e+20,1.857760371074276e+20
2022-06-03,2.0779042603337767e+20,2.125277864508972e+20
2022-06-04,2.1647862728410258e+20,2.0658295326345953e+20
2022-06-05,2.2517646203429034e+20,2.1698641134147545e+20
2022-06-06,2.3031562361758446e+20,2.2293124452891315e+20
2022-06-07,2.4459307628532905e+20,2.4076574409122614e+20
2022-06-08,2.1779809380935107e+20,2.6795954238055603e+20
2022-06-09,2.1764760072858042e+20,2.197870403795572e+20
2022-06-10,2.209296782204696e+20,2.212924310670884e+20
2022-06-11,2.1764760072858042e+20,2.318301658798069e+20
2022-06-12,1.7979900452400474e+20,1.9118461731646407e+20
2022-06-13,1.9377469156305964e+20,2.002169614416514e+20
2022-06-14,2.0678169393275434e+20,2.197870403795572e+20
2022-06-15,2.1764760072858042e+20,2.4838946344265023e+20
2022-06-16,2.011712955681411e+20,1.791414918162144e+20
2022-06-17,2.228590535602712e+20,1.6258219425337108e+20
2022-06-18,1.9366183724707997e+20,2.3484094725486933e+20
2022-06-19,1.925732838097076e+20,2.002169614416514e+20
2022-06-20,2.297497161074528e+20,1.9871157075412025e+20
2022-06-21,2.1764760072858042e+20,2.2580860312968203e+20
2022-06-22,2.3529307413764558e+20,1.9419539869152657e+20
2022-06-23,2.1764760072858042e+20,2.2343104049785992e+20
2022-06-24,2.378741335189711e+20,1.896223962119995e+20
2022-06-25,2.2238913621014466e+20,2.2196109944195295e+20
2022-06-26,2.204582095885907e+20,2.0285186571516232e+20
2022-06-27,2.3347479361203585e+20,1.999119836033483e+20
2022-06-28,2.3576463377849608e+20,2.146113941624181e+20
2022-06-29,2.4800155509656958e+20,2.2196109944195295e+20
2022-06-30,2.1302416685426137e+20,2.513599205600924e+20
2022-07-01,2.2068131987299693e+20,1.969721014915344e+20
2022-07-02,2.3993027817908247e+20,2.0285186571516232e+20
2022-07-03,2.2941421067634616e+20,2.2784086366558083e+20
2022-07-04,2.2245811029502424e+20,2.102015709946972e+20
2022-07-05,2.2245811029502424e+20,1.7345304459702282e+20
2022-07-06,2.4873318937164585e+20,1.8668251410018556e+20
2022-07-07,2.4567949217249985e+20,2.2752337780715382e+20
2022-07-08,2.2245811029502424e+20,2.14480636404196e+20
2022-07-09,2.4850594422851047e+20,1.941919275551504e+20
2022-07-10,2.2245811029502424e+20,2.2172660385028368e+20
2022-07-11,2.3955642538961165e+20,1.7825079917375747e+20
2022-07-12,2.2245811029502424e+20,2.188282168718486e+20
2022-07-13,2.2245811029502424e+20,1.5941128381392945e+20
2022-07-14,2.3070291744705584e+20,1.7969999266297502e+20
2022-07-15,2.374366695388879e+20,2.0578547546889077e+20
2022-07-16,2.2245811029502424e+20,2.14480636404196e+20
2022-07-17,1.9379392945404192e+20,1.7969999266297502e+20
2022-07-18,2.307519089848569e+20,1.898443470874978e+20
2022-07-19,2.2245811029502424e+20,1.999887015120206e+20
2022-07-20,2.3550658824763592e+20,1.825983796414101e+20
2022-07-21,2.163105927924344e+20,2.0143789500123808e+20
2022-07-22,2.5167736475985052e+20,1.8171186263872543e+20
2022-07-23,2.4925545377068286e+20,2.11997173078513e+20
2022-07-24,2.297875869351455e+20,2.1612698813848404e+20
2022-07-25,2.4448017398468903e+20,1.9547791283862887e+20
2022-07-26,2.500149922580664e+20,2.2025680319845505e+20
2022-07-27,2.335200092649113e+20,2.271398282984068e+20
2022-07-28,2.3869649545426554e+20,1.9410130781863848e+20
2022-07-29,2.2245811029502424e+20,2.0098433291859024e+20
2022-07-30,2.446037036879058e+20,1.775820475787544e+20
2022-07-31,2.2236186704794305e+20,2.092439630385323e+20
2022-08-01,2.4488664677395055e+20,1.872182827186868e+20
2022-08-02,2.3604827299202492e+20,2.1337377809850335e+20
2022-08-03,2.071453355641006e+20,1.996077278985999e+20
2022-08-04,2.4088073500334067e+20,1.848752884348028e+20
2022-08-05,2.5151255081905147e+20,2.100855550395486e+20
2022-08-06,2.4916800141398127e+20,2.254918290757822e+20
2022-08-07,2.3728817353750315e+20,2.2269068834192153e+20
2022-08-08,2.3355569163541047e+20,2.0168213283796668e+20
2022-08-09,2.3878118488535935e+20,2.0028156247103635e+20
2022-08-10,2.3370716580925063e+20,2.07284414305688e+20
2022-08-11,2.4850295550404395e+20,1.960798513702454e+20
2022-08-12,2.326027852501661e+20,2.1568783650726992e+20
2022-08-13,2.1850199688062268e+20,1.9467928100331507e+20
2022-08-14,2.394746415424338e+20,1.862758588017331e+20
2022-08-15,2.4233408805197385e+20,2.03082703204897e+20
2022-08-16,2.2245811029502424e+20,2.07284414305688e+20
2022-08-17,2.3534227673115974e+20,1.806735773340118e+20
2022-08-18,2.5735447711201254e+20,2.0294870625393135e+20
2022-08-19,2.3139104208554535e+20,2.5086715078610957e+20
2022-08-20,2.2910570305195668e+20,2.0999553633219284e+20
2022-08-21,2.273471104047876e+20,2.0576743828523595e+20
2022-08-22,2.52348799881904e+20,2.0435807226958365e+20
2022-08-23,2.2926088112184335e+20,2.4241095469219575e+20
2022-08-24,2.4255552156131675e+20,2.0576743828523595e+20
2022-08-25,2.6003211061290277e+20,2.2408919648871583e+20
2022-08-26,2.266629892770609e+20,2.4804841875480497e+20
2022-08-27,2.411900876077254e+20,2.0435807226958365e+20
2022-08-28,2.3723147491226367e+20,2.269079285200205e+20
2022-08-29,2.494186060844283e+20,2.2127046445741126e+20
2022-08-30,2.3397040737719845e+20,2.2831729453567273e+20
2022-08-31,2.2685094279322062e+20,2.2482212892014556e+20
2022-09-01,2.2245811029502424e+20,2.1250310815739783e+20
2022-09-02,2.380496741329032e+20,1.9864420979930667e+20
2022-09-03,2.613134641558981e+20,2.2636200651548895e+20
2022-09-04,2.4770290043424693e+20,2.5869943601770168e+20
2022-09-05,2.353563225807707e+20,2.3560127208754977e+20
2022-09-06,2.3542902772073405e+20,2.1866261853877168e+20
2022-09-07,2.2685094279322062e+20,2.2482212892014556e+20
2022-09-08,2.4729643151063672e+20,1.9556445460861977e+20
2022-09-09,2.595512988575875e+20,2.2636200651548895e+20
2022-09-10,2.8297116664993736e+20,2.4176078246892365e+20
2022-09-11,2.5987954820873477e+20,2.817975999478537e+20
2022-09-12,2.3837344675063742e+20,2.3560127208754977e+20
2022-09-13,2.2245811029502424e+20,2.1096323056205437e+20
2022-09-14,2.4286666839420355e+20,2.023088999749455e+20
2022-09-15,2.2245811029502424e+20,2.3416856926233857e+20
2022-09-16,2.63664716594797e+20,2.039018834393152e+20
2022-09-17,2.4947595475669713e+20,2.708071889428405e+20
2022-09-18,2.4286666839420355e+20,2.4531945351292607e+20
2022-09-19,2.439108352497147e+20,2.070878503680545e+20
2022-09-20,2.3002809232729214e+20,2.421334865841868e+20
2022-09-21,2.2245811029502424e+20,2.2461066847612063e+20
2022-09-22,2.1962500837400576e+20,2.039018834393152e+20
2022-09-23,2.397882531862767e+20,2.1505276768990275e+20
2022-09-24,2.404254576854962e+20,2.3257558579796892e+20
2022-09-25,2.517911132557229e+20,2.3416856926233857e+20
2022-09-26,2.4286666839420355e+20,2.3894751965544753e+20
2022-09-27,2.5691729357978183e+20,2.0549486690368484e+20
2022-09-28,2.5011301910689363e+20,2.3384119581300297e+20
2022-09-29,2.773136051264008e+20,2.229286066750628e+20
2022-09-30,2.8677070975325736e+20,2.634610806159833e+20
2022-10-01,2.6541310486553225e+20,2.8216837628102355e+20
2022-10-02,2.622402507627745e+20,2.4475378495094312e+20
2022-10-03,2.6943163586891838e+20,2.4007696103468306e+20
2022-10-04,2.717843524102209e+20,2.541074327834632e+20
2022-10-05,2.5803933808611495e+20,2.728147284485034e+20
2022-10-06,2.672069288107075e+20,2.4787166756178313e+20
2022-10-07,2.6811364742178652e+20,2.6657896322682333e+20
2022-10-08,2.533721878673705e+20,2.728147284485034e+20
2022-10-09,2.614885812132138e+20,2.463127262563631e+20
2022-10-10,2.5047238610465073e+20,2.9739732617887416e+20
2022-10-11,2.3419541484184243e+20,2.7792488220287648e+20
2022-10-12,2.4871045181694797e+20,2.4252043861015337e+20
2022-10-13,2.7016331218773115e+20,2.531417716879703e+20
2022-10-14,2.6342694953099356e+20,2.7615466002324036e+20
2022-10-15,2.538858008967424e+20,2.690737713046957e+20
2022-10-16,2.629699995301882e+20,2.549119938676065e+20
2022-10-17,2.5319998140872245e+20,2.655333269454234e+20
2022-10-18,2.6954201857425673e+20,2.5137154950833416e+20
2022-10-19,2.6186423548284227e+20,2.673035491250595e+20
2022-10-20,2.741210641784949e+20,2.5668221604724264e+20
2022-10-21,2.469935289243908e+20,2.7615466002324036e+20
2022-10-22,2.7380179698858128e+20,2.407502164305172e+20
2022-10-23,2.478875383653531e+20,2.743844378436042e+20
2022-10-24,2.4286666839420355e+20,2.4903119274934908e+20
2022-10-25,2.8197561346501624e+20,2.233956287898573e+20
2022-10-26,2.5190031287373064e+20,2.8382231526580227e+20
2022-10-27,2.84357965203212e+20,2.472000810379568e+20
2022-10-28,2.6803461893540243e+20,2.9114676211137128e+20
2022-10-29,2.523251472942838e+20,2.61848974729095e+20
2022-10-30,2.988353875209643e+20,2.472000810379568e+20
2022-10-31,2.6613263574688154e+20,3.1678232607086313e+20
2022-11-01,2.629699995301882e+20,2.636800864404873e+20
2022-11-02,2.8719254835464438e+20,2.233956287898573e+20
2022-11-03,2.8719254835464438e+20,3.0030232066833265e+20
2022-11-04,2.794392204372501e+20,2.3621341076960313e+20
2022-11-05,2.5806933357340194e+20,2.7649786842023317e+20
2022-11-06,2.675644670432375e+20,2.5086230446074128e+20
2022-11-07,2.8302942731329906e+20,2.6315406942394417e+20
2022-11-08,2.5687519517125486e+20,2.978757869173813e+20
2022-11-09,2.485554597228186e+20,2.722913635011645e+20
2022-11-10,2.2907251944252188e+20,2.6863644587027635e+20
2022-11-11,2.72059493499533e+20,2.448794812695036e+20
2022-11-12,2.8719254835464438e+20,3.0518562217915744e+20
2022-11-13,2.8719254835464438e+20,2.3574218719228327e+20
2022-11-14,2.7306479819561858e+20,2.24777434299619e+20
2022-11-15,2.6672093959486908e+20,2.8325611639382884e+20
2022-11-16,2.4924679577502148e+20,2.7411882231660852e+20
2022-11-17,2.6240558014942098e+20,2.5218931653127986e+20
2022-11-18,2.736686690978719e+20,2.540167753467239e+20
2022-11-19,2.8762151961037613e+20,2.6863644587027635e+20
2022-11-20,2.523251472942838e+20,2.722913635011645e+20
2022-11-21,2.523251472942838e+20,2.369496539708256e+20
2022-11-22,2.7902506213095123e+20,2.3143919690173664e+20
2022-11-23,2.523251472942838e+20,2.5899148224718143e+20
2022-11-24,2.523251472942838e+20,2.369496539708256e+20
2022-11-25,2.523251472942838e+20,2.2592873983264765e+20
2022-11-26,2.6922693812840776e+20,2.002132735102325e+20
2022-11-27,2.7350728903412007e+20,2.498073871320332e+20
2022-11-28,2.3045387644371327e+20,2.5531784420112217e+20
2022-11-29,2.7606585770100477e+20,2.4062329201688488e+20
2022-11-30,3.050756701996825e+20,2.5348102517809247e+20
2022-12-01,2.8719254835464438e+20,2.8103331052353733e+20
2022-12-02,2.3739019576986763e+20,2.2960237787870695e+20
2022-12-03,2.8559890061741474e+20,2.4062329201688488e+20
2022-12-04,2.967439843224253e+20,2.5715466322415183e+20
2022-12-05,2.7399920653874165e+20,2.6817557736232973e+20
2022-12-06,3.198662695557491e+20,2.2980981929995407e+20
2022-12-07,3.1506282493470094e+20,2.9279473273771927e+20
2022-12-08,2.959750507086435e+20,2.8428325794883207e+20
2022-12-09,2.915798436812535e+20,2.5874883358217047e+20
2022-12-10,2.8302835092401118e+20,2.621534234977254e+20
2022-12-11,2.7618809483654395e+20,2.5023735879328327e+20
2022-12-12,3.052861125496969e+20,2.434281789621736e+20
2022-12-13,2.7797715805145245e+20,2.8087866803327723e+20
2022-12-14,2.6364927054089952e+20,2.519396537510608e+20
2022-12-15,2.8719254835464438e+20,2.3661899913106384e+20
2022-12-16,2.5587874837364743e+20,2.2129834451106687e+20
2022-12-17,2.671049366114266e+20,2.349167041732864e+20
2022-12-18,2.516439748291995e+20,2.4683276887772846e+20
2022-12-19,2.601226192367358e+20,2.3151211425773155e+20
2022-12-20,2.6494051861547034e+20,2.4611401515564e+20
2022-12-21,2.4967028526074384e+20,2.5138788690897515e+20
2022-12-22,2.3661609537284414e+20,2.3732422890008143e+20
2022-12-23,2.8719254835464438e+20,2.3205035714674632e+20
2022-12-24,2.618477407178929e+20,1.564581953489426e+20
2022-12-25,2.8719254835464438e+20,2.478719724067517e+20
2022-12-26,2.8719254835464438e+20,2.267764853934111e+20
2022-12-27,3.025000228723826e+20,2.021650838778471e+20
2022-12-28,2.7044938319592754e+20,2.9533681818676796e+20
2022-12-29,2.9163058584928974e+20,2.478719724067517e+20
2022-12-30,2.8967305638504212e+20,2.7775724567565088e+20
2022-12-31,2.9749666950321845e+20,2.7424133117342745e+20
2023-01-01,2.9986422253669666e+20,2.7248337392231573e+20
2023-01-02,2.9734229220047303e+20,2.7424133117342745e+20
2023-01-03,2.838745875661589e+20,2.6099928831940385e+20
2023-01-04,3.0185165935462115e+20,2.4235648201087504e+20
2023-01-05,3.246037498165338e+20,2.6608369003991178e+20
2023-01-06,2.9916439355194756e+20,3.0506410323047206e+20
2023-01-07,2.9799049660563345e+20,2.6099928831940385e+20
2023-01-08,2.988289014886433e+20,2.593044877459012e+20
2023-01-09,3.1760436127118256e+20,2.576096871723986e+20
2023-01-10,2.9382237336988434e+20,2.864212969219432e+20
2023-01-11,2.9466533595325314e+20,2.4913568430488548e+20
2023-01-12,3.088372702819627e+20,2.55914886598896e+20
2023-01-13,3.289410487131613e+20,2.6947329118691695e+20
2023-01-14,3.129571318426244e+20,2.8981089806894845e+20
2023-01-15,2.9583547114615715e+20,2.7625249348092753e+20
2023-01-16,3.076816505801404e+20,2.74688843247084e+20
2023-01-17,2.8228800417173638e+20,2.9150652752751775e+20
2023-01-18,2.8807299291444265e+20,2.6160842214008003e+20
2023-01-19,2.559543201227809e+20,2.7095158007365432e+20
2023-01-20,2.8712284670081755e+20,2.4665936944636117e+20
2023-01-21,2.9992948063455176e+20,2.578711589666503e+20
2023-01-22,3.0826148210176046e+20,2.8216336959394343e+20
2023-01-23,3.137085092915756e+20,2.9524379070094744e+20
2023-01-24,3.2466592608568666e+20,2.4105347468621657e+20
2023-01-25,3.0598332719430205e+20,3.2701052767510004e+20
2023-01-26,3.0448675301139815e+20,2.8963789594080287e+20
2023-01-27,3.1988547566658034e+20,2.8776926435408803e+20
2023-01-28,3.148405736456727e+20,3.13930106568096e+20
2023-01-29,2.8155773585463165e+20,3.1493949960073635e+20
2023-01-30,3.137085092915756e+20,2.6994814251491685e+20
2023-01-31,2.896271976970678e+20,2.2495678542909735e+20
2023-02-01,3.04199621074416e+20,2.6799199655466385e+20
2023-02-02,2.7417374556246875e+20,2.8364116423668803e+20
2023-02-03,2.8862281042915695e+20,2.6016741271365177e+20
2023-02-04,3.1550632478330094e+20,2.660358505944108e+20
2023-02-05,3.0781726877604807e+20,2.973341859584591e+20
2023-02-06,2.989903664807256e+20,2.8950960211744712e+20
2023-02-07,2.943580553880937e+20,2.7777272635592897e+20
2023-02-08,3.259988783960024e+20,2.6994814251491685e+20
2023-02-09,3.025317726382695e+20,3.1689564556098935e+20
2023-02-10,3.032682949342025e+20,2.8755345615719403e+20
2023-02-11,3.210612467430156e+20,2.8950960211744712e+20
2023-02-12,3.132568236371521e+20,3.153289831570438e+20
2023-02-13,3.117827989272483e+20,3.0365013192900516e+20
2023-02-14,3.272208395764403e+20,2.9975718151965894e+20
2023-02-15,3.554733604140587e+20,3.1727545836171697e+20
2023-02-16,3.3608117447582614e+20,3.4841906163648666e+20
2023-02-17,3.4397982871538146e+20,3.211684087710631e+20
2023-02-18,3.375612849521741e+20,3.270078343850824e+20
2023-02-19,3.187653336531548e+20,3.153289831570438e+20
2023-02-20,3.4332879489077995e+20,2.861318550869471e+20
2023-02-21,3.010893704548373e+20,3.2506135918040934e+20
2023-02-22,3.416680293541153e+20,2.725065286542354e+20
2023-02-23,2.839544272968762e+20,3.3284725999910185e+20
2023-02-24,3.137085092915756e+20,2.6277415263086985e+20
2023-02-25,3.335284618424591e+20,2.2900334777153048e+20
2023-02-26,2.977631540383904e+20,3.5955665818333754e+20
2023-02-27,2.912855668962788e+20,2.9963054848611464e+20
2023-02-28,3.482352081487266e+20,2.932098938756979e+20
2023-03-01,3.137085092915756e+20,3.638370945902821e+20
2023-03-02,3.379744344664226e+20,3.0819142130000364e+20
2023-03-03,3.191444590989831e+20,3.5955665818333754e+20
2023-03-04,3.2342347968381184e+20,3.253131669277816e+20
2023-03-05,2.8019581241577927e+20,3.317338215381984e+20
2023-03-06,3.429649331908051e+20,2.8250880285833668e+20
2023-03-07,2.8547744741836954e+20,3.531360035729209e+20
2023-03-08,2.91708242253504e+20,2.8464902106180888e+20
2023-03-09,2.8660532357234406e+20,2.889294574687534e+20
2023-03-10,3.321818572943773e+20,2.9106967567222568e+20
2023-03-11,3.2890036436033025e+20,3.572196959219307e+20
2023-03-12,3.36142942193738e+20,3.485598245056415e+20
2023-03-13,3.3319432564508046e+20,3.398999530893523e+20
2023-03-14,3.3513835697569746e+20,3.1608530669455684e+20
2023-03-15,3.059693352378812e+20,3.182502745486292e+20
2023-03-16,3.426866042274353e+20,2.901056924456892e+20
2023-03-17,3.689144207967104e+20,3.182502745486292e+20
2023-03-18,3.484599832628786e+20,3.507247923597138e+20
2023-03-19,3.610011766027341e+20,3.204152424027015e+20
2023-03-20,3.3905023193286954e+20,3.334050495271354e+20
2023-03-21,3.6059818758019586e+20,3.139203388404846e+20
2023-03-22,3.8538691020703026e+20,3.4422988879749684e+20
2023-03-23,3.612414082697091e+20,3.9618911729523235e+20
2023-03-24,3.236737730339497e+20,3.7723288549311526e+20
2023-03-25,3.2327267574627834e+20,3.376467184969242e+20
2023-03-26,3.297298656561461e+20,3.3531812043832466e+20
2023-03-27,2.958251855909169e+20,3.446325126727226e+20
2023-03-28,3.308894159956022e+20,3.120321398523299e+20
2023-03-29,3.427530324993413e+20,3.4230391461412313e+20
2023-03-30,3.200730323819396e+20,3.6093269908291885e+20
2023-03-31,3.172950512704597e+20,3.2833232626252625e+20
2023-04-01,3.322060488173924e+20,3.260037282039268e+20
2023-04-02,2.6241990358775526e+20,3.46961110731322e+20
2023-04-03,3.479845101760847e+20,3.050463456765315e+20
2023-04-04,3.216713442588441e+20,3.7723288549311526e+20
2023-04-05,3.520531986212122e+20,3.236751301453273e+20
2023-04-06,3.2514929583893466e+20,3.725756893759163e+20
2023-04-07,3.340557953941526e+20,3.3803294216648956e+20
2023-04-08,3.367283886971201e+20,3.4993551055263354e+20
2023-04-09,3.137085092915756e+20,3.475549968754047e+20
2023-04-10,3.546786254471427e+20,2.9280318229914232e+20
2023-04-11,3.5491988480432426e+20,3.665991062932351e+20
2023-04-12,3.293980858042259e+20,3.8088218835660793e+20
2023-04-13,3.2743866433475484e+20,3.3803294216648956e+20
2023-04-14,3.543331875951068e+20,3.3327191481203196e+20
2023-04-15,3.137085092915756e+20,3.761211610021503e+20
2023-04-16,3.465271740207936e+20,2.951836959763711e+20
2023-04-17,3.629629880655861e+20,3.68979619970464e+20
2023-04-18,3.1909628316901337e+20,3.9516527041998075e+20
2023-04-19,2.973709560877727e+20,3.308914011348031e+20
2023-04-20,3.245827994052541e+20,3.2206040895358645e+20
2023-04-21,3.272755888993545e+20,3.5111849096443645e+20
2023-04-22,3.2549054622064856e+20,3.608045183013864e+20
2023-04-23,3.147218992827227e+20,3.5596150463291136e+20
2023-04-24,3.137085092915756e+20,3.414324636274864e+20
2023-04-25,3.137085092915756e+20,3.0268835427968654e+20
2023-04-26,3.137085092915756e+20,3.1479588845087405e+20
2023-04-27,3.450176434818704e+20,3.1479588845087405e+20
2023-04-28,3.248135984544257e+20,3.5596150463291136e+20
2023-04-29,3.4636088681573345e+20,3.317464362905365e+20
2023-04-30,3.84408872841428e+20,3.5838301146714885e+20
2023-05-01,3.137085092915756e+20,4.407142438312236e+20
2023-05-02,3.258835708943035e+20,3.1237438161663656e+20
2023-05-03,3.307452852915786e+20,3.414324636274864e+20
2023-05-04,3.137085092915756e+20,3.5353999779867394e+20
2023-05-05,3.340711896638544e+20,2.8397779847865015e+20
2023-05-06,3.1504139470517456e+20,3.5556884011192327e+20
2023-05-07,3.058761377934329e+20,3.3170515956749894e+20
2023-05-08,3.2905264706543754e+20,3.26932423458614e+20
2023-05-09,3.4955044434856464e+20,3.603415762208082e+20
2023-05-10,3.254739833148707e+20,4.0568256925521445e+20
2023-05-11,3.0496334873589514e+20,3.603415762208082e+20
2023-05-12,3.138539852065227e+20,3.364778956763838e+20
2023-05-13,3.4947877735103155e+20,3.4602336789415356e+20
2023-05-14,3.195411589841512e+20,4.1522804147298435e+20
2023-05-15,3.263814609770771e+20,3.507961040030384e+20
2023-05-16,3.34793138254047e+20,3.6511431232969304e+20
2023-05-17,3.0900555547831796e+20,3.8181888871079005e+20
2023-05-18,3.240237740905102e+20,3.4730120381571006e+20
2023-05-19,2.5618455108059437e+20,3.6946936576139375e+20
2023-05-20,3.2576726619983145e+20,3.226699127649506e+20
2023-05-21,3.1482845521655824e+20,3.7193249486646975e+20
2023-05-22,3.33700648855656e+20,3.54690591130938e+20
2023-05-23,3.1713491860353234e+20,3.793218821816976e+20
2023-05-24,3.355085157932814e+20,3.4730120381571006e+20
2023-05-25,3.416749836408814e+20,3.7193249486646975e+20
2023-05-26,3.309075429913362e+20,3.768587530766216e+20
2023-05-27,3.5463786200359974e+20,3.57153720236014e+20
2023-05-28,3.607896744488512e+20,3.9410065681215344e+20
2023-05-29,3.4981509620044425e+20,3.990269150223052e+20
2023-05-30,3.2571542556902654e+20,3.793218821816976e+20
2023-05-31,3.014117614223165e+20,3.4730120381571006e+20
2023-06-01,3.6898169640515804e+20,3.361872094940777e+20
2023-06-02,3.137085092915756e+20,4.176871390683995e+20
2023-06-03,3.475744812267232e+20,3.310934638956826e+20
2023-06-04,3.262673032457928e+20,3.7693717428123854e+20
2023-06-05,3.445227360142252e+20,3.51468446289263e+20
2023-06-06,3.174551379525036e+20,3.8457779267883126e+20
2023-06-07,3.524678689060182e+20,3.4382782789167035e+20
2023-06-08,3.715246615539485e+20,3.92218411076424e+20
2023-06-09,3.574206075778485e+20,4.304215030643873e+20
2023-06-10,3.697813676407693e+20,3.92218411076424e+20
2023-06-11,3.624054854220758e+20,4.15140266269202e+20
2023-06-12,3.484396087354774e+20,3.998590294740167e+20
2023-06-13,3.137085092915756e+20,3.7439030148204095e+20
2023-06-14,3.4664109677187865e+20,3.1488488972798794e+20
2023-06-15,3.572425589556168e+20,3.851484601631588e+20
2023-06-16,3.4015522177862114e+20,3.9816023246596814e+20
2023-06-17,3.59741233825596e+20,3.643296244786637e+20
2023-06-18,3.439428288123713e+20,3.929555235448444e+20
2023-06-19,3.319365899111532e+20,3.6953433339978744e+20
2023-06-20,3.137085092915756e+20,3.539202066364162e+20
2023-06-21,3.5064034906851475e+20,3.1488488972798794e+20
2023-06-22,3.137085092915756e+20,3.56522561096978e+20
2023-06-23,3.709704607658951e+20,3.252943075702354e+20
2023-06-24,3.82499637153038e+20,3.7994375124203504e+20
2023-06-25,3.691312275858477e+20,3.9816023246596814e+20
2023-06-26,3.586566880271962e+20,3.7994375124203504e+20
2023-06-27,3.137085092915756e+20,3.643296244786637e+20
2023-06-28,3.6060927218638415e+20,2.810542817406834e+20
2023-06-29,3.79336152486927e+20,3.6757494030124384e+20
2023-06-30,3.4302163463164776e+20,3.977865792301133e+20
2023-07-01,4.172666534949632e+20,3.348456647949687e+20
2023-07-02,3.5813552057918456e+20,4.305158547363884e+20
2023-07-03,3.698048598802071e+20,3.4491621110459184e+20
2023-07-04,3.937555481332336e+20,3.5498675741421496e+20
2023-07-05,3.6241049096230155e+20,3.927513060753017e+20
2023-07-06,4.1739939688614455e+20,3.499514842594034e+20
2023-07-07,4.2121696521509385e+20,4.405864010460115e+20
2023-07-08,4.103591506852667e+20,4.4813931077822887e+20
2023-07-09,3.8367387169722604e+20,4.254805815815768e+20
2023-07-10,3.453958164452442e+20,3.8771603292049015e+20
2023-07-11,3.741233867565094e+20,3.398809379497803e+20
2023-07-12,3.137085092915756e+20,3.859112082142128e+20
2023-07-13,3.634001669983297e+20,3.2159267351184395e+20
2023-07-14,3.6159069362389916e+20,3.6983157453862063e+20
2023-07-15,3.9391670086913733e+20,3.6983157453862063e+20
2023-07-16,3.551085887533944e+20,4.153905366194652e+20
2023-07-17,4.021621157061951e+20,3.644716966467565e+20
2023-07-18,3.809523313695254e+20,4.3415010924098925e+20
2023-07-19,3.137085092915756e+20,3.966309639979409e+20
2023-07-20,3.137085092915756e+20,3.430321850793002e+20
2023-07-21,3.454893758811277e+20,3.001531619443877e+20
2023-07-22,3.787960985335338e+20,3.591118187548924e+20
2023-07-23,3.8030154313441804e+20,3.939510250520088e+20
2023-07-24,3.653427802927062e+20,4.01990841889805e+20
2023-07-25,3.795492706266233e+20,3.6983157453862063e+20
2023-07-26,3.663980498690532e+20,3.859112082142128e+20
2023-07-27,3.709151104938441e+20,3.589731212673328e+20
2023-07-28,3.374979357585432e+20,3.641756302712072e+20
2023-07-29,4.172054745332397e+20,3.4336559425570963e+20
2023-07-30,3.738026155542082e+20,4.370107563254486e+20
2023-07-31,3.736974342223752e+20,3.667768847731443e+20
2023-08-01,4.056959165793615e+20,3.6157437576927e+20
2023-08-02,3.9911126097519e+20,4.00593193298328e+20
2023-08-03,3.137085092915756e+20,3.9278942979251634e+20
2023-08-04,4.0324579968950115e+20,3.147517947344005e+20
2023-08-05,4.180889479186465e+20,4.00593193298328e+20
2023-08-06,3.895535434398567e+20,4.266057383176998e+20
2023-08-07,3.137085092915756e+20,3.7978315728283035e+20
2023-08-08,4.193781439547878e+20,3.251568127421493e+20
2023-08-09,3.137085092915756e+20,4.2190950060732554e+20
2023-08-10,3.924723627332685e+20,3.307562134390762e+20
2023-08-11,4.160476721900034e+20,3.932613246401614e+20
2023-08-12,3.5620026107532824e+20,4.349313987742182e+20
2023-08-13,4.2108728124176145e+20,3.515912505061046e+20
2023-08-14,4.293213583265702e+20,4.4534891730773246e+20
2023-08-15,4.171949114330809e+20,4.4534891730773246e+20
2023-08-16,4.0323838991284476e+20,4.2451388024070406e+20
2023-08-17,3.5952117712598925e+20,4.0628322280705425e+20
2023-08-18,3.601228187725467e+20,3.620087690396188e+20
2023-08-19,3.976617230925393e+20,3.6461314867299746e+20
2023-08-20,4.0127179538813505e+20,4.2190950060732554e+20
2023-08-21,3.6899316645729036e+20,4.297226395074612e+20
2023-08-22,3.670609979744697e+20,3.7242628757313303e+20
2023-08-23,3.620317863460469e+20,3.926238919211806e+20
2023-08-24,3.5399408856443263e+20,3.8432902096509934e+20
2023-08-25,3.607661289157634e+20,3.732691930236576e+20
2023-08-26,3.137085092915756e+20,3.787991069943784e+20
2023-08-27,3.737085092915756e+20,3.207350103018095e+20
2023-08-28,4.081001571519815e+20,4.081001571519815e+20
2023-08-29,3.137085092915756e+20,4.368632036869475e+20
2023-08-30,4.043528188823738e+20,3.483845801554138e+20
2023-08-31,4.077945112625944e+20,3.9815380589190146e+20
2023-09-01,4.084465428116945e+20,4.175085047894244e+20
2023-09-02,4.186690208692562e+20,4.2027346177478486e+20
2023-09-03,4.037693798876019e+20,4.368632036869475e+20
2023-09-04,3.137085092915756e+20,4.119785908187036e+20
2023-09-05,3.6865479486166886e+20,3.4285466618469286e+20
2023-09-06,3.974469545086379e+20,3.633954539854071e+20
2023-09-07,3.5920341534967366e+20,3.930054539397736e+20
2023-09-08,4.071050916394428e+20,3.5801181763006765e+20
2023-09-09,3.996707672208599e+20,4.06464544828122e+20
2023-09-10,4.184954575485806e+20,3.956972721174432e+20
2023-09-11,3.8804229872802156e+20,4.279990902494795e+20
2023-09-12,4.015247084467822e+20,3.795463630514252e+20
2023-09-13,4.283399083768226e+20,3.956972721174432e+20
2023-09-14,4.628191879845737e+20,4.360745447824885e+20
2023-09-15,4.1811404064174165e+20,5.0606181740190034e+20
2023-09-16,4.078451698957583e+20,4.172318175388008e+20
2023-09-17,4.0711228413562375e+20,4.0108090847278275e+20
2023-09-18,3.7704438069493426e+20,4.199236357164705e+20
2023-09-19,3.923366878269824e+20,3.9468274432308006e+20
2023-09-20,3.716982883347497e+20,4.1455885374942216e+20
2023-09-21,3.137085092915756e+20,3.9184330011931686e+20
2023-09-22,4.0589181039304376e+20,3.6628830228544835e+20
2023-09-23,3.890340759288842e+20,4.4295329578705394e+20
2023-09-24,3.8471468502457614e+20,4.1455885374942216e+20
2023-09-25,3.629969312670074e+20,4.11719409545659e+20
2023-09-26,4.193993336276168e+20,3.861644117117906e+20
2023-09-27,4.0209734359413804e+20,4.4579273999081714e+20
2023-09-28,4.06673087866508e+20,4.1455885374942216e+20
2023-09-29,3.8623370092006303e+20,4.173982979531853e+20
2023-09-30,3.979906377280676e+20,3.9184330011931686e+20
2023-10-01,4.341173214660621e+20,4.0036163273060634e+20
2023-10-02,4.4133415913972754e+20,4.4579273999081714e+20
2023-10-03,3.3107302896994065e+20,4.673126912631659e+20
2023-10-04,4.012344226288169e+20,3.732802594846021e+20
2023-10-05,4.3656799638596446e+20,4.0177493578113647e+20
2023-10-06,4.5424846007235995e+20,4.5591482074455205e+20
2023-10-07,4.176505111470205e+20,4.872589646707401e+20
2023-10-08,4.2967267793692144e+20,4.2172120918871074e+20
2023-10-09,4.387786494564466e+20,4.4451695022593835e+20
2023-10-10,4.3258780162216185e+20,4.6161375600385904e+20
2023-10-11,4.377997068802078e+20,4.5591482074455205e+20
2023-10-12,3.881133932933946e+20,4.7016215889281935e+20
2023-10-13,4.073314459379547e+20,3.9322653289217615e+20
2023-10-14,4.416405251581161e+20,4.160222739294038e+20
2023-10-15,4.0263990236455993e+20,4.758610941521263e+20
2023-10-16,4.443892068668236e+20,4.2777308364600115e+20
2023-10-17,4.1438653180084945e+20,4.914839684443417e+20
2023-10-18,4.035419192944077e+20,4.3990849027425645e+20
2023-10-19,3.8823466989100945e+20,4.2473923198893726e+20
2023-10-20,4.327864343670337e+20,4.065361220465543e+20
2023-10-21,4.3888744727423025e+20,4.550777485595757e+20
2023-10-22,4.5060944569933975e+20,4.641793035307672e+20
2023-10-23,3.137085092915756e+20,4.7631471015902256e+20
2023-10-24,4.326198588224548e+20,3.822653087900436e+20
2023-10-25,4.44719895185574e+20,4.368746386171927e+20
2023-10-26,4.45086961476816e+20,4.550777485595757e+20
2023-10-27,4.555683823950435e+20,4.6721315518783114e+20
2023-10-28,4.00695876117547e+20,4.854162651302141e+20
2023-10-29,4.425781163791256e+20,4.156376770177458e+20
2023-10-30,4.405221110780883e+20,4.843918588947384e+20
2023-10-31,4.57187686654223e+20,4.812867828761823e+20
2023-11-01,4.5042526586831104e+20,4.6265632676484625e+20
2023-11-02,4.234032295389767e+20,4.471309466720661e+20
2023-11-03,4.91975168200791e+20,4.22290338523618e+20
2023-11-04,4.7909612630052084e+20,5.216527711174104e+20
2023-11-05,3.137085092915756e+20,5.0612739102463046e+20
2023-11-06,4.0314256510693756e+20,3.9434465435661376e+20
2023-11-07,4.555502596186544e+20,4.129751104679499e+20
2023-11-08,4.4866887013956695e+20,4.6265632676484625e+20
2023-11-09,4.7372075035631124e+20,4.4402587065351006e+20
2023-11-10,4.8128358715900205e+20,4.7818170685762634e+20
2023-11-11,4.7925731092484994e+20,4.9681216296896233e+20
2023-11-12,4.7925731092484994e+20,4.999172389875184e+20
2023-11-13,4.267373280053913e+20,3.890379947160344e+20
2023-11-14,4.503752259834101e+20,4.4369622537861766e+20
2023-11-15,4.5227508512933865e+20,4.7584812576837265e+20
2023-11-16,4.520649779287343e+20,4.7584812576837265e+20
2023-11-17,4.504822632045751e+20,4.822785058463236e+20
2023-11-18,4.86682786243282e+20,4.7906331580734806e+20
2023-11-19,4.844472358566715e+20,5.465823066258335e+20
2023-11-20,4.601327310186253e+20,5.3372154646993155e+20
2023-11-21,4.353226288238621e+20,4.8870888592427463e+20
2023-11-22,4.50634332631648e+20,4.565569855345197e+20
2023-11-23,4.897193235915182e+20,4.726329357293971e+20
2023-11-24,4.755192603141146e+20,5.401519265478824e+20
2023-11-25,4.503495365363563e+20,5.1121521619710306e+20
2023-11-26,4.7925731092484994e+20,4.9321721156203826e+20
2023-11-27,4.502888134441151e+20,4.391660102949655e+20
2023-11-28,4.2355409375056986e+20,4.965954116412302e+20
2023-11-29,4.190229151430282e+20,4.5943521077011775e+20
2023-11-30,5.0154243767946294e+20,4.526788106117337e+20
2023-12-01,4.7925731092484994e+20,5.709158133834552e+20
2023-12-02,5.009585131999274e+20,4.2903141005738934e+20
2023-12-03,4.937617657819544e+20,5.5740301306668705e+20
2023-12-04,4.542491694492963e+20,5.2362101227476654e+20
2023-12-05,4.553059785346598e+20,4.6619161092850195e+20
2023-12-06,4.7925731092484994e+20,4.5943521077011775e+20
2023-12-07,4.497990341687169e+20,3.884930091070848e+20
2023-12-08,5.090331041235778e+20,4.5605701069092566e+20
2023-12-09,4.6940392516418935e+20,5.3037741243315074e+20
2023-12-10,5.016153418488556e+20,4.684112691673423e+20
2023-12-11,4.704094610267174e+20,5.2863557520314335e+20
2023-12-12,4.80422296831479e+20,4.817944482864091e+20
2023-12-13,4.809866815643506e+20,4.985234221852428e+20
2023-12-14,5.132314402699517e+20,4.8848603784594253e+20
2023-12-15,4.854427995751755e+20,5.4536454910197714e+20
2023-12-16,4.796774992425893e+20,5.0856080652454304e+20
2023-12-17,5.0868083202741024e+20,5.0186921696500954e+20
2023-12-18,5.068650959226083e+20,5.6209352300081073e+20
2023-12-19,5.7328756304857124e+20,5.420187543222103e+20
2023-12-20,4.7926013858051215e+20,4.8514024306617595e+20
2023-12-21,5.212424039104464e+20,4.8848603784594253e+20
2023-12-22,5.073461895005627e+20,5.6209352300081073e+20
2023-12-23,5.257217877971361e+20,5.727111930304281e+20
2023-12-24,4.587487474520264e+20,6.120850875512703e+20
2023-12-25,4.5594188199762113e+20,4.975428489451845e+20
2023-12-26,4.7925731092484994e+20,4.975428489451845e+20
2023-12-27,4.7925731092484994e+20,4.617483993807827e+20
2023-12-28,4.845797728333015e+20,4.3311283972926125e+20
2023-12-29,4.696899574302665e+20,5.4049618842246663e+20
2023-12-30,4.9415300342381176e+20,5.190195186838256e+20
2023-12-31,5.300871457309525e+20,5.583934132046675e+20
2024-01-01,4.2039736085266006e+20,5.5481396824822736e+20
2024-01-02,5.479342597121301e+20,4.689072892936631e+20
2024-01-03,5.674146671516835e+20,5.655523031175479e+20
2024-01-04,4.973514876515661e+20,6.0850564259483e+20
2024-01-05,5.047785261213282e+20,4.9396340398874434e+20
2024-01-06,4.7925731092484994e+20,5.0941437857149675e+20
2024-01-07,4.7925731092484994e+20,4.2936354765311856e+20
2024-01-08,5.499027189336399e+20,4.475569183163863e+20
2024-01-09,4.794501225548011e+20,5.530784681633393e+20
2024-01-10,5.898520132698494e+20,4.8394365964292194e+20
2024-01-11,5.778104929992942e+20,6.294906249490638e+20
2024-01-12,5.4510506534194846e+20,6.11297254285796e+20
2024-01-13,4.7925731092484994e+20,5.785491870919141e+20
2024-01-14,4.7925731092484994e+20,4.6575028897965415e+20
2024-01-15,4.7925731092484994e+20,4.1480885112250447e+20
2024-01-16,4.7925731092484994e+20,4.548342665816935e+20
2024-01-17,5.045177438147774e+20,4.402795700510793e+20
2024-01-18,4.475177632959434e+20,5.166917268368038e+20
2024-01-19,5.027171630346016e+20,4.803049855102684e+20
2024-01-20,4.9417372973069756e+20,5.203304009694575e+20
2024-01-21,5.360181795437455e+20,4.8955134776354066e+20
2024-01-22,5.1671392575023075e+20,5.594872545869035e+20
2024-01-23,5.1117534426274254e+20,5.3850648253989473e+20
2024-01-24,5.6732987051235475e+20,5.245193011752221e+20
2024-01-25,5.218960001492702e+20,6.329199567514345e+20
2024-01-26,5.614472394402262e+20,5.315128918575584e+20
2024-01-27,5.4418657959780116e+20,5.979520033397532e+20
2024-01-28,5.360391997158425e+20,5.594872545869035e+20
2024-01-29,5.1433033678161465e+20,5.45500073222231e+20
2024-01-30,4.161917747162428e+20,5.035385291282132e+20
2024-01-31,5.3463733018791916e+20,4.580801896930273e+20
2024-02-01,6.017905704640676e+20,5.350096871987265e+20
2024-02-02,5.347153579145147e+20,6.573975241396117e+20
2024-02-03,5.4247607942332285e+20,5.6673818462849126e+20
2024-02-04,5.435807778731641e+20,5.8175111667163005e+20
2024-02-05,5.7097303083539274e+20,5.855043496824149e+20
2024-02-06,5.5350772811726723e+20,6.380496118334008e+20
2024-02-07,5.065234071896272e+20,6.005172817255536e+20
2024-02-08,5.8577479041027985e+20,5.1794615548829e+20
2024-02-09,5.58140721257942e+20,6.23036679790262e+20
2024-02-10,5.179658268634284e+20,5.704914176392759e+20
2024-02-11,6.16011656312777e+20,5.141929224775053e+20
2024-02-12,5.153669127913325e+20,6.718287089304631e+20
2024-02-13,5.403771570270998e+20,5.0668645645593595e+20
2024-02-14,5.920152849021406e+20,5.2169938849907474e+20
2024-02-15,5.17824869250952e+20,5.892575826931995e+20
2024-02-16,5.738763798615944e+20,5.443866164219562e+20
2024-02-17,4.7925731092484994e+20,6.093880034574137e+20
2024-02-18,5.301699266244028e+20,4.9157298945564705e+20
2024-02-19,5.4929642674057e+20,5.525117898013884e+20
2024-02-20,5.360137198398224e+20,5.728247232499688e+20
2024-02-21,5.2252037711792524e+20,5.6063696318082056e+20
2024-02-22,5.913781501640219e+20,5.4844920311167235e+20
2024-02-23,5.3065138577933055e+20,6.459512836648584e+20
2024-02-24,6.044478107154489e+20,5.565743764911044e+20
2024-02-25,5.074924477485158e+20,6.662642171134388e+20
2024-02-26,4.7925731092484994e+20,5.4032402973224e+20
2024-02-27,6.045626490684244e+20,5.2407368297337566e+20
2024-02-28,5.4827715229479515e+20,6.053254167676976e+20
2024-02-29,6.267175886913012e+20,5.4032402973224e+20
2024-03-01,4.7925731092484994e+20,6.074639256595234e+20
2024-03-02,6.30017430177726e+20,5.0096051012181465e+20
2024-03-03,4.7925731092484994e+20,6.114084966053644e+20
2024-03-04,6.772664467467928e+20,5.088496520134967e+20
2024-03-05,5.953531473316805e+20,6.587433479554569e+20
2024-03-06,6.954112930013243e+20,5.522399324177484e+20
2024-03-07,6.414803788141941e+20,7.100227702513909e+20
2024-03-08,6.663544254518304e+20,6.074639256595234e+20
2024-03-09,6.172200121408248e+20,6.429650641720929e+20
2024-03-10,6.950965853236248e+20,5.640736452552717e+20
2024-03-11,6.182766433604566e+20,6.705770607929802e+20
2024-03-12,6.769010893219597e+20,5.5618450336358944e+20
2024-03-13,6.221386681773013e+20,6.311313513345696e+20
2024-03-14,6.221386681773013e+20,5.884033492717212e+20
2024-03-15,6.16375964413227e+20,5.299803216844581e+20
2024-03-16,6.174923454238463e+20,6.009225694689919e+20
2024-03-17,6.14399886534867e+20,6.092687162671724e+20
2024-03-18,6.358191603377597e+20,6.009225694689919e+20
2024-03-19,6.120116775042904e+20,6.551725236571649e+20
2024-03-20,6.221386681773013e+20,6.21787936464443e+20
2024-03-21,5.639185939650183e+20,5.0076880789082656e+20
2024-03-22,6.346987667428863e+20,5.633649088771799e+20
2024-03-23,6.686245128621001e+20,6.509994502580745e+20
2024-03-24,5.4456326403550806e+20,7.094224778453377e+20
2024-03-25,5.774370948248524e+20,5.508456886799093e+20
2024-03-26,5.8968163933467804e+20,5.5919183547808966e+20
2024-03-27,6.481933835210773e+20,5.675379822762702e+20
2024-03-28,6.228293653394641e+20,6.281043485936673e+20
2024-03-29,6.617546281901136e+20,5.950462249834744e+20
2024-03-30,6.038291280876681e+20,6.405011449474899e+20
2024-03-31,6.768755492175428e+20,5.6612036682455554e+20
2024-04-01,6.561116331992659e+20,6.198398176911192e+20
2024-04-02,6.368820708240523e+20,6.11575286788571e+20
2024-04-03,6.222995329440854e+20,5.8678169408092635e+20
2024-04-04,6.627502383815651e+20,5.7025263227582965e+20
2024-04-05,6.840360318983492e+20,6.11575286788571e+20
2024-04-06,7.260578487723031e+20,6.405011449474899e+20
2024-04-07,7.068714673790263e+20,7.024851267166018e+20
2024-04-08,6.67597932970688e+20,6.528979413013124e+20
2024-04-09,6.778332521615609e+20,6.033107558860228e+20
2024-04-10,5.875354151085695e+20,6.239720831423933e+20
2024-04-11,6.257634913027672e+20,5.668606095352726e+20
2024-04-12,7.034174790087672e+20,5.840382037636142e+20
2024-04-13,6.73430280224009e+20,7.042813633620053e+20
2024-04-14,6.300278581785066e+20,6.742205734624075e+20
2024-04-15,6.870193703384745e+20,6.055101965490411e+20
2024-04-16,6.02464235106709e+20,7.085757619190908e+20
2024-04-17,6.321342128656332e+20,5.883326023206995e+20
2024-04-18,6.545086043137081e+20,6.226877907773829e+20
2024-04-19,6.120116775042904e+20,6.484541821198952e+20
2024-04-20,4.7033207803853387e+20,5.5827181242110175e+20
2024-04-21,5.029099275548132e+20,6.012157979919559e+20
2024-04-22,5.3345894414326904e+20,6.527485806769807e+20
2024-04-23,5.098075562251172e+20,7.214589575903469e+20
2024-04-24,4.766304573383379e+20,6.656317763482368e+20
2024-04-25,4.3640097711795365e+20,6.262946827302349e+20
2024-04-26,4.7008255247961614e+20,5.824978517700785e+20
2024-04-27,4.720869086087386e+20,6.131556334421879e+20
2024-04-28,3.930207164719702e+20,6.131556334421879e+20
2024-04-29,4.7068029398561364e+20,5.737384855780473e+20
2024-04-30,4.220145770847232e+20,6.175353165382033e+20
2024-05-01,4.798603963462913e+20,5.7811816867406296e+20
2024-05-02,4.7925731092484994e+20,6.350540489222661e+20
2024-05-03,5.337658383108591e+20,5.64979119386016e+20
2024-05-04,5.275125487191807e+20,6.175353165382033e+20
2024-05-05,6.221386681773013e+20,6.087759503461721e+20
2024-05-06,6.221386681773013e+20,5.3432133771390675e+20
2024-05-07,6.221386681773013e+20,5.3432133771390675e+20
2024-05-08,5.5802600410463456e+20,5.562197531939847e+20
2024-05-09,5.628565081699968e+20,5.99332437579012e+20
2024-05-10,5.890536134559796e+20,5.99332437579012e+20
2024-05-11,4.91838751642006e+20,6.571990177590542e+20
2024-05-12,5.679169071867555e+20,5.4559918455468655e+20
2024-05-13,5.268302589643993e+20,6.075990918904464e+20
2024-05-14,5.503596739272565e+20,5.621324931775559e+20
2024-05-15,5.648692689969977e+20,5.827991289561425e+20
2024-05-16,5.898915726044664e+20,5.869324561118599e+20
2024-05-17,6.221386681773013e+20,6.406657091361851e+20
2024-05-18,6.010093122545161e+20,5.290658759318173e+20
2024-05-19,5.947779207974942e+20,6.365323819804677e+20
2024-05-20,5.5615385982240444e+20,6.447990362919023e+20
2024-05-21,5.97608225943923e+20,5.7039914748899046e+20
2024-05-22,6.303718159037797e+20,6.323990548247503e+20
2024-05-23,6.062342381865654e+20,7.088916617178011e+20
2024-05-24,6.105796574015734e+20,6.711400347624153e+20
2024-05-25,6.269694669000552e+20,6.711400347624153e+20
2024-05-26,6.221386681773013e+20,7.04697036500536e+20
2024-05-27,5.2613567905746656e+20,5.1593890172360675e+20
2024-05-28,5.416972099305018e+20,5.620797791135229e+20
2024-05-29,6.221386681773013e+20,5.746636547653181e+20
2024-05-30,5.7584274556611514e+20,5.1593890172360675e+20
2024-05-31,5.6440851906540044e+20,6.208045321552343e+20
2024-06-01,5.612328925368496e+20,5.914421556343784e+20
2024-06-02,6.122784675606609e+20,5.8724753041711346e+20
2024-06-03,5.3657788953469374e+20,6.585561591106201e+20
2024-06-04,5.3657788953469374e+20,5.620797791135229e+20
2024-06-05,5.302390265300728e+20,5.1593890172360675e+20
2024-06-06,5.758775204518161e+20,5.534898055901368e+20
2024-06-07,6.368507169911092e+20,5.90944002960898e+20
2024-06-08,5.96502615698261e+20,7.157913275301018e+20
2024-06-09,5.524895569024034e+20,6.367213553029393e+20
2024-06-10,5.3657788953469374e+20,5.784592705039776e+20
2024-06-11,5.5792332355667945e+20,5.118740307337355e+20
2024-06-12,5.5363718763773434e+20,6.075903129034584e+20
2024-06-13,6.221386681773013e+20,6.034287354178183e+20
2024-06-14,5.062413656515034e+20,5.326819181619362e+20
2024-06-15,5.917588677254003e+20,5.5765138307577695e+20
2024-06-16,5.454393349959097e+20,6.783371301593408e+20
2024-06-17,5.792345724259223e+20,5.8262084798961766e+20
2024-06-18,5.334180783118075e+20,6.325597778172991e+20
2024-06-19,5.118700625156932e+20,5.701361155326973e+20
2024-06-20,5.4540832559577176e+20,5.532161400523155e+20
2024-06-21,5.8312873949315046e+20,5.8233277900243744e+20
2024-06-22,6.221386681773013e+20,6.322470172026464e+20
2024-06-23,5.752094333303174e+20,4.658662232019499e+20
2024-06-24,6.221386681773013e+20,6.322470172026464e+20
2024-06-25,6.221386681773013e+20,5.157804614021588e+20
2024-06-26,6.221386681773013e+20,5.0330190185210656e+20
2024-06-27,5.20143086528659e+20,5.407375805022633e+20
2024-06-28,5.966727486809864e+20,5.6153517975235035e+20
2024-06-29,6.221386681773013e+20,6.530446164527334e+20
2024-06-30,5.688756648595057e+20,5.0330190185210656e+20
2024-07-01,5.881627880041782e+20,5.864922988524547e+20
2024-07-02,5.71366220506655e+20,6.156089378025767e+20
2024-07-03,5.4709966247044094e+20,6.031303782525245e+20
2024-07-04,5.881627880041782e+20,5.8233277900243744e+20
2024-07-05,6.055600385700681e+20,4.78159038845924e+20
2024-07-06,5.498438567355594e+20,6.520350529717147e+20
2024-07-07,5.914222736302932e+20,5.5719359072128336e+20
2024-07-08,5.851734723762998e+20,6.283246874091068e+20
2024-07-09,5.314217745621155e+20,6.08566049440267e+20
2024-07-10,5.482626244738082e+20,5.374349527524436e+20
2024-07-11,5.753239317981047e+20,5.5324186312751546e+20
2024-07-12,5.898954997694443e+20,5.927591390651951e+20
2024-07-13,6.236876177640284e+20,6.08566049440267e+20
2024-07-14,6.047561361131459e+20,6.599385081592505e+20
2024-07-15,5.95613736760269e+20,6.04614321846499e+20
2024-07-16,6.24741996916819e+20,5.809039562838911e+20
2024-07-17,5.881627880041782e+20,6.283246874091068e+20
2024-07-18,5.918991839951674e+20,5.0977285959606777e+20
2024-07-19,6.438247769553074e+20,5.995563615235584e+20
2024-07-20,6.539003056621709e+20,6.729714261999124e+20
2024-07-21,6.617238032438256e+20,6.892858850168799e+20
2024-07-22,6.384372471177339e+20,7.300720320592991e+20
2024-07-23,5.64330086736431e+20,6.892858850168799e+20
2024-07-24,6.176734462630524e+20,5.710060585938651e+20
2024-07-25,6.225719266798853e+20,6.648141967914288e+20
2024-07-26,6.119686174185045e+20,6.525783526787031e+20
2024-07-27,5.957899791805266e+20,6.281066644532517e+20
2024-07-28,6.663587979394849e+20,6.036349762278004e+20
2024-07-29,5.953558152875391e+20,7.259934173550569e+20
2024-07-30,5.681311044937945e+20,6.11792205636284e+20
2024-07-31,5.608253343835287e+20,6.354949362456388e+20
2024-08-01,5.881627880041782e+20,6.309878799602089e+20
2024-08-02,5.4009324266506276e+20,5.633820356787578e+20
2024-08-03,5.6899813552040673e+20,6.084525985330585e+20
2024-08-04,5.746921231900511e+20,6.44509048816499e+20
2024-08-05,5.437175476730194e+20,7.031007805270899e+20
2024-08-06,5.881627880041782e+20,6.309878799602089e+20
2024-08-07,5.881627880041782e+20,5.498608668224677e+20
2024-08-08,5.881627880041782e+20,5.8141026082047807e+20
2024-08-09,5.881627880041782e+20,5.8591731710590806e+20
2024-08-10,6.496714725822118e+20,5.8141026082047807e+20
2024-08-11,5.8360887993359643e+20,7.256360619542402e+20
2024-08-12,6.291022114691596e+20,6.174667111039186e+20
2024-08-13,5.460329231635422e+20,6.715513865290794e+20
2024-08-14,6.573612638220201e+20,5.949314296767683e+20
2024-08-15,6.080283900037674e+20,6.909447058016882e+20
2024-08-16,6.289928270944182e+20,6.132134263989983e+20
2024-08-17,6.497065514057392e+20,6.434422572778223e+20
2024-08-18,6.282849869170181e+20,6.73671088156646e+20
2024-08-19,6.311145223635193e+20,5.613925734638716e+20
2024-08-20,6.244795982509267e+20,6.477606616890827e+20
2024-08-21,6.50331883493138e+20,6.34805448455301e+20
2024-08-22,6.746277708129776e+20,6.909447058016882e+20
2024-08-23,6.463969944695501e+20,7.082183234467303e+20
2024-08-24,5.670986349390298e+20,6.607158749228643e+20
2024-08-25,5.718082482370744e+20,5.743477866976533e+20
2024-08-26,5.892024811486083e+20,5.786661911089139e+20
2024-08-27,6.282849869170181e+20,6.132134263989983e+20
2024-08-28,5.2102936375599235e+20,6.952631102129489e+20
2024-08-29,5.78560215853876e+20,5.8709119659630703e+20
2024-08-30,6.046562097128454e+20,6.315678023990575e+20
2024-08-31,6.234104825366052e+20,6.538061053004327e+20
2024-09-01,6.910708321185498e+20,6.315678023990575e+20
2024-09-02,6.486913019371953e+20,7.427593169059338e+20
2024-09-03,6.445401814825104e+20,6.627014264609829e+20
2024-09-04,6.547670063216267e+20,6.71596747621533e+20
2024-09-05,6.281095167579533e+20,6.893873899426332e+20
2024-09-06,6.559625161526865e+20,6.449107841398827e+20
2024-09-07,6.853851192106844e+20,7.027303716834584e+20
2024-09-08,6.441117976024602e+20,7.427593169059338e+20
2024-09-09,6.234767928120512e+20,6.449107841398827e+20
2024-09-10,6.281095167579533e+20,6.093294994976823e+20
2024-09-11,6.873005117067339e+20,4.9752673665954565e+20
2024-09-12,6.281095167579533e+20,7.002228145578791e+20
2024-09-13,6.516858295534905e+20,5.666276723067048e+20
2024-09-14,6.940691719671572e+20,6.403353369970079e+20
2024-09-15,6.281095167579533e+20,6.956160855147352e+20
2024-09-16,6.870193936414514e+20,5.7584113039299274e+20
2024-09-17,6.478284732788782e+20,6.910093564715912e+20
2024-09-18,6.281095167579533e+20,6.35728607953864e+20
2024-09-19,6.692845447814279e+20,5.6202094326356096e+20
2024-09-20,5.92230250050369e+20,6.679757112558716e+20
2024-09-21,5.98681168176108e+20,6.219084208244321e+20
2024-09-22,6.412879538327675e+20,6.265151498675762e+20
2024-09-23,6.392451536736945e+20,6.725824402990156e+20
2024-09-24,6.378601656525969e+20,6.679757112558716e+20
2024-09-25,6.281095167579533e+20,6.633689822127277e+20
2024-09-26,6.189945108745984e+20,5.712988681801277e+20
2024-09-27,6.281095167579533e+20,6.020611149282884e+20
2024-09-28,6.821892663559537e+20,5.6690426150181896e+20
2024-09-29,6.145266847180418e+20,6.811640351378445e+20
2024-09-30,6.744252354909585e+20,6.020611149282884e+20
2024-10-01,6.615502638563287e+20,6.899532484944619e+20
2024-10-02,6.671767029054852e+20,6.811640351378445e+20
2024-10-03,6.967074748504948e+20,6.943478551727706e+20
2024-10-04,6.569274551940207e+20,7.42688528634166e+20
2024-10-05,6.608353958823807e+20,6.635856084246098e+20
2024-10-06,6.758012736749763e+20,6.679802151029185e+20
2024-10-07,6.281095167579533e+20,7.008144225649776e+20
2024-10-08,6.281095167579533e+20,7.338993152775485e+20
2024-10-09,6.664087835497697e+20,5.811278908665188e+20
2024-10-10,6.232363014882301e+20,7.092505754670112e+20
2024-10-11,6.427986854854703e+20,6.406134230024618e+20
2024-10-12,6.227679580715504e+20,6.543408534953717e+20
2024-10-13,6.368030597869867e+20,6.314618026738551e+20
2024-10-14,6.966819840682105e+20,6.360376128381585e+20
2024-10-15,6.582205269703092e+20,7.138263856313146e+20
2024-10-16,7.076189711771237e+20,6.45189233166765e+20
2024-10-17,6.377969440142059e+20,7.184021957956179e+20
2024-10-18,7.530650879640188e+20,6.223101823452486e+20
2024-10-19,7.547123568472046e+20,7.916151584244706e+20
2024-10-20,7.5039691997298e+20,7.916151584244706e+20
2024-10-21,6.498668911685734e+20,7.82463538095864e+20
2024-10-22,6.940659339952823e+20,6.314618026738551e+20
2024-10-23,6.865535624973956e+20,7.181432982753781e+20
2024-10-24,7.071590796089688e+20,6.991196347449044e+20
2024-10-25,6.837519996033785e+20,7.276551300406148e+20
2024-10-26,7.288486504585006e+20,6.943637188622861e+20
2024-10-27,7.532022833717015e+20,7.657024571015619e+20
2024-10-28,7.378507023787486e+20,7.989938682798907e+20
2024-10-29,7.740700803629107e+20,7.466787935710885e+20
2024-10-30,7.464373738569073e+20,8.037497841625091e+20
2024-10-31,7.163729539446142e+20,7.514347094537069e+20
2024-11-01,6.773835904052278e+20,7.276551300406148e+20
2024-11-02,6.089826426125373e+20,6.70584139449194e+20
2024-11-03,7.10025728015933e+20,6.277808965056285e+20
2024-11-04,6.68846558154572e+20,7.181432982753781e+20
2024-11-05,7.420865309709418e+20,7.023519886923256e+20
2024-11-06,7.556743276716707e+20,7.730924767620562e+20
2024-11-07,7.137097184220149e+20,7.882511527769986e+20
2024-11-08,7.025036925656239e+20,7.175106647072679e+20
2024-11-09,7.515220810183062e+20,7.023519886923256e+20
2024-11-10,7.08151272487036e+20,7.478280167371523e+20
2024-11-11,7.792475945085935e+20,6.871933126773834e+20
2024-11-12,7.440861775760324e+20,7.377222327271909e+20
2024-11-13,7.515220810183062e+20,6.972990966873449e+20
2024-11-14,8.009014806076726e+20,6.417172846325565e+20
2024-11-15,8.319665179149207e+20,7.579338007471139e+20
2024-11-16,8.078819630343165e+20,7.933040447819793e+20
2024-11-17,8.302715071235753e+20,7.579338007471139e+20
2024-11-18,8.893120856267648e+20,7.882511527769986e+20
2024-11-19,8.119435475406337e+20,8.898459551158969e+20
2024-11-20,8.146964989775527e+20,7.474706022973533e+20
2024-11-21,8.164290085383718e+20,7.322161002096525e+20
2024-11-22,7.909770332818811e+20,7.271312661804189e+20
2024-11-23,7.594553999093423e+20,7.017070960342502e+20
2024-11-24,9.036449236606726e+20,6.813677599173154e+20
2024-11-25,7.817622322914048e+20,8.593369509404947e+20
2024-11-26,7.369662763548365e+20,7.067919300634838e+20
2024-11-27,8.076931276530668e+20,6.762829258880816e+20
2024-11-28,8.076931276530668e+20,7.22046432151185e+20
2024-11-29,8.929514099176323e+20,6.152649175372772e+20
2024-11-30,8.771096867710701e+20,8.339127807943263e+20
2024-12-01,8.076931276530668e+20,8.034037766189242e+20
2024-12-02,8.713045255630616e+20,6.457739217126794e+20
2024-12-03,8.39760486137618e+20,8.110420706273808e+20
2024-12-04,8.905966747849813e+20,7.593833400141715e+20
2024-12-05,7.927004753999899e+20,8.007103245047389e+20
2024-12-06,8.340957059627384e+20,7.025587363396417e+20
2024-12-07,8.537690261579503e+20,7.335539747075673e+20
2024-12-08,9.219626863032289e+20,7.542174669528507e+20
2024-12-09,8.764119536778151e+20,8.627008012405894e+20
2024-12-10,8.345262145289506e+20,7.95544451443418e+20
2024-12-11,8.706375538218794e+20,7.335539747075673e+20
2024-12-12,9.430737787920421e+20,7.645492130754927e+20
2024-12-13,9.153479348934557e+20,8.781984204245522e+20
2024-12-14,8.261991352121058e+20,8.213738167500226e+20
2024-12-15,8.91196334002818e+20,7.077246094009627e+20
2024-12-16,8.346220102298845e+20,7.984141310369079e+20
2024-12-17,8.737503174039981e+20,7.336778501420234e+20
2024-12-18,8.67611824804338e+20,7.768353707386128e+20
2024-12-19,8.793631085242392e+20,7.822300608131865e+20
2024-12-20,8.586060666931186e+20,8.145982012606288e+20
2024-12-21,8.944297849297231e+20,7.822300608131865e+20
2024-12-22,8.223398110090656e+20,8.361769615589236e+20
2024-12-23,7.527863566723628e+20,7.498619203657444e+20
2024-12-24,8.91410552139274e+20,7.120990898437284e+20
2024-12-25,6.953388109711037e+20,8.145982012606288e+20
2024-12-26,9.088860336615957e+20,7.067043997691547e+20
2024-12-27,8.484345263540653e+20,8.523610317826446e+20
2024-12-28,9.084886276224562e+20,7.714406806640392e+20
2024-12-29,9.082013754757385e+20,8.523610317826446e+20
2024-12-30,8.346220102298845e+20,8.677101559849918e+20
2024-12-31,8.359356019829485e+20,7.039912586293329e+20
2025-01-01,9.4978618753459e+20,7.640215209930747e+20
2025-01-02,8.607562688987862e+20,9.113685286131676e+20
2025-01-03,8.970827297909484e+20,7.749361141501185e+20
2025-01-04,9.247738392031713e+20,8.131371901997722e+20
2025-01-05,8.055860473902934e+20,8.51338266249426e+20
2025-01-06,8.248086266005768e+20,7.25820444943421e+20
2025-01-07,8.248086266005768e+20,7.312777415219429e+20
2025-01-08,8.983119714741369e+20,6.821620723152451e+20
2025-01-09,8.624268871970597e+20,8.295090799353383e+20
2025-01-10,8.403658519721211e+20,7.749361141501185e+20
2025-01-11,9.720534759422913e+20,7.531069278360307e+20
2025-01-12,9.720534759422913e+20,9.386550115057774e+20
2025-01-13,9.242609825057327e+20,7.027960443776901e+20
2025-01-14,8.631967008209944e+20,8.455514908919085e+20
2025-01-15,9.720534759422913e+20,7.631925794413979e+20
2025-01-16,9.372053764953387e+20,7.027960443776901e+20
2025-01-17,9.720534759422913e+20,8.235891145051056e+20
2025-01-18,9.491755132580539e+20,7.137772325710915e+20
2025-01-19,9.561760242781633e+20,8.235891145051056e+20
2025-01-20,8.39342202820857e+20,8.345703026985071e+20
2025-01-21,9.543882940969495e+20,7.302490148611938e+20
2025-01-22,8.731059388232524e+20,8.235891145051056e+20
2025-01-23,9.103100757414024e+20,7.467207971512958e+20
2025-01-24,9.720534759422913e+20,7.686831735380986e+20
2025-01-25,8.926922839583723e+20,7.027960443776901e+20
2025-01-26,9.685724788591099e+20,7.522113912479964e+20
2025-01-27,9.468452199157027e+20,8.383362413197757e+20
2025-01-28,9.753558799475131e+20,7.953446392008126e+20
2025-01-29,9.459512237892229e+20,8.329622910549053e+20
2025-01-30,9.720534759422913e+20,7.792227884062018e+20
2025-01-31,1.0732419880359225e+21,6.717437831087945e+20
2025-02-01,1.0237295764296688e+21,9.888068487361454e+20
2025-02-02,9.489389048035084e+20,9.189454952928312e+20
2025-02-03,7.533363787131957e+20,8.222143905251645e+20
2025-02-04,9.23030451534199e+20,7.039874846980166e+20
2025-02-05,9.274152722173578e+20,7.738488381413312e+20
2025-02-06,1.03109683574728e+21,7.792227884062018e+20
2025-02-07,9.854706185970068e+20,9.296933958225716e+20
2025-02-08,9.192808857226624e+20,8.598320423792569e+20
2025-02-09,9.015100565047725e+20,8.115658708573904e+20
2025-02-10,9.720534759422913e+20,7.888647276166241e+20
2025-02-11,8.445677795886085e+20,7.03735440463751e+20
2025-02-12,9.86208465175005e+20,7.548130127554751e+20
2025-02-13,9.686640862573383e+20,8.966951580102635e+20
2025-02-14,1.0027921609510575e+21,8.626434431491142e+20
2025-02-15,9.687791129723829e+20,9.080457296306464e+20
2025-02-16,8.939630888576439e+20,8.569681573389225e+20
2025-02-17,9.130675589764806e+20,7.775141559962411e+20
2025-02-18,9.543882940969495e+20,7.945400134268157e+20
2025-02-19,9.543882940969495e+20,7.150860120841342e+20
2025-02-20,8.39342202820857e+20,7.377871553249002e+20
2025-02-21,9.170344156239154e+20,7.321118695147087e+20
2025-02-22,9.720534759422913e+20,7.888647276166241e+20
2025-02-23,9.170344156239154e+20,7.321118695147087e+20
2025-02-24,9.3210303076471e+20,7.145302298374149e+20
2025-02-25,9.696718384903223e+20,8.079687983546153e+20
2025-02-26,9.308691612978571e+20,8.629326621882627e+20
2025-02-27,9.403382793355504e+20,8.244579575047096e+20
2025-02-28,9.085749980201077e+20,8.57436275804898e+20
2025-03-01,9.543882940969495e+20,7.914796392045213e+20
2025-03-02,9.67537461999712e+20,6.92544684303956e+20
2025-03-03,9.16810029375949e+20,8.244579575047096e+20
2025-03-04,8.626682484260428e+20,8.024724119712507e+20
2025-03-05,1.0392677750286739e+21,7.365157753708739e+20
2025-03-06,9.205099288318733e+20,9.343856851720042e+20
2025-03-07,8.832997265253747e+20,7.804868664377918e+20
2025-03-08,9.543882940969495e+20,7.53004934520968e+20
